name,client_id,bond,wine_type,product_category,core_appellation,vintage,alcohol_target,target_cases_annual,target_tons_annual,target_cost_per_case,default_bottle_size,composition_profile,notes,bottle_image,label_image,glass_item_id,cork_item_id,capsule_item_id,is_active,collection_id,parent_core_blend_id,is_primary_version,id,created_date,updated_date,created_by_id,created_by,is_sample
"Pillars & Principles","","LaFata Cellars","White","Alcoholic","Santa Ynez Valley","2021","","83","","","750ml","[{""varietal"":""Chardonnay"",""percentage"":100,""appellation"":""Santa Ynez Valley"",""vineyard"":""Estelle Vineyard""}]","Imported from Bottling Plan","https://base44.app/api/apps/693ce6100b1a5fbec395f99a/files/public/693ce6100b1a5fbec395f99a/940d078dc_10-LFC-Pillars-370x555.png","","6940df8d3691907073161b2a","69416e85a7003c26a3e96781","6940e0128522261c1426aab6","true","","","true","696ab5078947f27646a66cee","2026-01-16T22:00:39.109000","2026-01-16T22:07:17.094000","693ce6100b1a5fbec395f99b","jason@mcclaincellars.com","false"
"Wisdom of Rey","","LaFata Cellars","Red","Alcoholic","Santa Ynez Valley","2021","14.6","","","","750ml","[{""varietal"":""Pinot Noir"",""percentage"":90,""appellation"":""Santa Ynez Valley"",""vineyard"":""Estelle Vineyard""},{""varietal"":""Tempranillo"",""percentage"":10,""appellation"":""Santa Ynez Valley"",""vineyard"":""Estelle Vineyard""}]","","https://base44.app/api/apps/693ce6100b1a5fbec395f99a/files/public/693ce6100b1a5fbec395f99a/244c15f72_10-LFC-Wisdom-of-Rey-1.png","","6940df8d3691907073161b2a","69416e85a7003c26a3e96781","6940e011dc994d5d58ebec3a","true","","","true","696ab31991c201c4d75a6f4f","2026-01-16T21:52:25.174000","2026-01-16T21:56:39.279000","693ce6100b1a5fbec395f99b","jason@mcclaincellars.com","false"
"Bended Dreams","","LaFata Cellars","Red","Alcoholic","Santa Ynez Valley","2021","14.6","","","","750ml","[{""varietal"":""Petite Sirah"",""percentage"":12,""appellation"":""Santa Ynez Valley"",""vineyard"":""Sanger Estate Vineyard""},{""varietal"":""Merlot"",""percentage"":76,""appellation"":""Santa Ynez Valley"",""vineyard"":""Estelle Vineyard""},{""varietal"":""Syrah"",""percentage"":12,""appellation"":""Temecula Valley"",""vineyard"":""La Fata Estate""}]","","https://base44.app/api/apps/693ce6100b1a5fbec395f99a/files/public/693ce6100b1a5fbec395f99a/0a95347a7_10-LFC-BLENDED-DREAMS.png","","6940db7f9bcc06c46a2b0a82","69416e85a7003c26a3e96781","6940e011dc994d5d58ebec3a","true","","","true","696ab1c2f4875188a9d15471","2026-01-16T21:46:42.941000","2026-01-16T21:51:39.366000","693ce6100b1a5fbec395f99b","jason@mcclaincellars.com","false"
"Path to Promise","","LaFata Cellars","Red","Alcoholic","Santa Ynez Valley","2021","14.6","","","","750ml","[{""varietal"":""Petite Sirah"",""percentage"":80,""appellation"":""Santa Ynez Valley"",""vineyard"":""Sanger Estate Vineyard""},{""varietal"":""Tempranillo"",""percentage"":10,""appellation"":""Santa Ynez Valley"",""vineyard"":""Estelle Vineyard""},{""varietal"":""Malbec"",""percentage"":10,""appellation"":""Santa Ynez Valley"",""vineyard"":""Estelle Vineyard""}]","","https://base44.app/api/apps/693ce6100b1a5fbec395f99a/files/public/693ce6100b1a5fbec395f99a/fd498cbb0_10-LFC-LUCCA.png","","6940db7f9bcc06c46a2b0a82","69416e85a7003c26a3e96781","6940e011dc994d5d58ebec3a","true","","","true","696ab184cb62c9731f37b5f2","2026-01-16T21:45:40.239000","2026-01-16T21:49:03.926000","693ce6100b1a5fbec395f99b","jason@mcclaincellars.com","false"
"Lucca's Song","","LaFata Cellars","Red","Alcoholic","Santa Ynez Valley","2021","14.6","","","","750ml","[{""varietal"":""Graciano"",""percentage"":100,""appellation"":""Santa Ynez Valley"",""vineyard"":""Estelle Vineyard""}]","","https://base44.app/api/apps/693ce6100b1a5fbec395f99a/files/public/693ce6100b1a5fbec395f99a/fd498cbb0_10-LFC-LUCCA.png","","6940db7f9bcc06c46a2b0a82","69416e85a7003c26a3e96781","6940e011dc994d5d58ebec3a","true","","","true","696ab07a6f533b7778281e10","2026-01-16T21:41:14.486000","2026-01-16T21:45:17.685000","693ce6100b1a5fbec395f99b","jason@mcclaincellars.com","false"
"Roots of Life","","LaFata Cellars","Red","Alcoholic","Santa Ynez Valley","2021","14.6","","","","750ml","[{""varietal"":""Cabernet Sauvignon"",""percentage"":50,""appellation"":""Santa Ynez Valley"",""vineyard"":""Estelle Vineyard""},{""varietal"":""Cabernet Sauvignon"",""percentage"":50,""appellation"":""Santa Ynez Valley"",""vineyard"":""Sanger Estate Vineyard""}]","","https://base44.app/api/apps/693ce6100b1a5fbec395f99a/files/public/693ce6100b1a5fbec395f99a/f6e4ec974_10-LFC-ROOTSOFLIFE.png","","6940db7f9bcc06c46a2b0a82","69416e85a7003c26a3e96781","6940e011dc994d5d58ebec3a","true","","","true","696aa5e46f533b777828108b","2026-01-16T20:56:04.996000","2026-01-16T21:59:27.494000","693ce6100b1a5fbec395f99b","jason@mcclaincellars.com","false"
"Wealth of Connection","","LaFata Cellars","Red","Alcoholic","Santa Ynez Valley","2021","14.6","","","","750ml","[{""varietal"":""Cabernet Franc"",""percentage"":70,""appellation"":""Santa Ynez Valley"",""vineyard"":""Estelle Vineyard""},{""varietal"":""Barbera"",""percentage"":15,""appellation"":""Santa Ynez Valley"",""vineyard"":""Estelle Vineyard""},{""varietal"":""Cabernet Sauvignon"",""percentage"":15,""appellation"":""Santa Ynez Valley"",""vineyard"":""Estelle Vineyard""}]","","https://base44.app/api/apps/693ce6100b1a5fbec395f99a/files/public/693ce6100b1a5fbec395f99a/9751df2c3_10-LFC-WEALTHOFCONNECTION-1.png","","6940db7f9bcc06c46a2b0a82","69416e85a7003c26a3e96781","6940e011dc994d5d58ebec3a","true","","","true","696aa4a6056460cba7d44df3","2026-01-16T20:50:46.060000","2026-01-16T20:55:50.970000","693ce6100b1a5fbec395f99b","jason@mcclaincellars.com","false"
"Once in a Lifetime","","McClain Cellars","Red","Alcoholic","Santa Ynez Valley","2026","14.8","","","","750ml","[{""varietal"":""Cabernet Sauvignon"",""percentage"":36,""appellation"":""Santa Ynez Valley"",""vineyard"":""Estelle Vineyard""},{""varietal"":""Merlot"",""percentage"":36,""appellation"":""Santa Ynez Valley"",""vineyard"":""Estelle Vineyard""},{""varietal"":""Syrah"",""percentage"":14,""appellation"":""Santa Ynez Valley"",""vineyard"":""Estelle Vineyard""},{""varietal"":""Sangiovese"",""percentage"":14,""appellation"":""Santa Ynez Valley"",""vineyard"":""Estelle Vineyard""}]","","https://base44.app/api/apps/693ce6100b1a5fbec395f99a/files/public/693ce6100b1a5fbec395f99a/31a50a255_2020OnceInALifetimeBot.jpg","","6940e6bfe1fbd215f8a85ac9","69416e55d09b5f30dc8165a6","6940e013a7bea5f1760b78f7","true","","","true","696aa216e7436aa1396f78dc","2026-01-16T20:39:50.644000","2026-01-16T20:39:50.644000","693ce6100b1a5fbec395f99b","jason@mcclaincellars.com","false"
"Unbreakable","","McClain Cellars","Red","Alcoholic","Santa Ynez Valley","2026","15.7","128","2","","750ml","[{""varietal"":""Cabernet Franc"",""percentage"":41,""appellation"":""Santa Ynez Valley"",""vineyard"":""Estelle Vineyard""},{""varietal"":""Merlot"",""percentage"":37,""appellation"":""Santa Ynez Valley"",""vineyard"":""Estelle Vineyard""},{""varietal"":""Syrah"",""percentage"":11,""appellation"":""Santa Ynez Valley"",""vineyard"":""Estelle Vineyard""},{""varietal"":""Tempranillo"",""percentage"":11,""appellation"":""Santa Ynez Valley"",""vineyard"":""Estelle Vineyard""}]","","https://base44.app/api/apps/693ce6100b1a5fbec395f99a/files/public/693ce6100b1a5fbec395f99a/975f148bc_2021Unbreakable.jpg","","6940db7f9bcc06c46a2b0a82","69416e55d09b5f30dc8165a6","6940e011dc994d5d58ebec3a","true","6969710cb1cc578cbb76add7","","true","696a9fb037a7a1bd70a25e7d","2026-01-16T20:29:36.511000","2026-01-16T20:29:36.511000","693ce6100b1a5fbec395f99b","jason@mcclaincellars.com","false"
"Visual Flight Rules","","McClain Cellars","Red","Alcoholic","Santa Ynez Valley","2020","13","128","2","","750ml","[{""varietal"":""Petite Sirah"",""percentage"":50,""appellation"":""Santa Ynez Valley"",""vineyard"":""Sanger Estate Vineyard""},{""varietal"":""Petite Sirah"",""percentage"":50,""appellation"":""Santa Ynez Valley"",""vineyard"":""Estelle Vineyard""}]","","https://base44.app/api/apps/693ce6100b1a5fbec395f99a/files/public/693ce6100b1a5fbec395f99a/e65052565_2020VisualFlightRules.jpg","","6940db7f9bcc06c46a2b0a82","69416e85a7003c26a3e96781","6940e0105edb3db86aab2316","true","","","true","696a9cece63754db1f637411","2026-01-16T20:17:48.300000","2026-01-16T20:20:23.288000","693ce6100b1a5fbec395f99b","jason@mcclaincellars.com","false"
"Jam Fest","","McClain Cellars","Red","Alcoholic","Santa Ynez Valley","2026","14.66","128","2","","750ml","[{""varietal"":""Graciano"",""percentage"":53,""appellation"":""Santa Ynez Valley"",""vineyard"":""Estelle Vineyard""},{""varietal"":""Barbera"",""percentage"":15,""appellation"":""Santa Ynez Valley"",""vineyard"":""Estelle Vineyard""},{""varietal"":""Sangiovese"",""percentage"":8,""appellation"":""Santa Ynez Valley"",""vineyard"":""Estelle Vineyard""},{""varietal"":""Nebbiolo"",""percentage"":24,""appellation"":""Santa Ynez Valley"",""vineyard"":""Estelle Vineyard""}]","","https://base44.app/api/apps/693ce6100b1a5fbec395f99a/files/public/693ce6100b1a5fbec395f99a/21d1a5634_JamFestBot1.jpg","","6940db7f9bcc06c46a2b0a82","69416e55d09b5f30dc8165a6","6940e0105edb3db86aab2316","true","","","true","696a97c0cb5a2f20ac729e6a","2026-01-16T19:55:44.493000","2026-01-16T20:40:40.365000","693ce6100b1a5fbec395f99b","jason@mcclaincellars.com","false"
"Vanguard","","McClain Cellars","Red","Alcoholic","Santa Ynez Valley","2020","","","","","750ml","[{""varietal"":""Petite Sirah"",""percentage"":100,""appellation"":""Santa Ynez Valley"",""vineyard"":""Sanger Estate Vineyard""}]","","https://base44.app/api/apps/693ce6100b1a5fbec395f99a/files/public/693ce6100b1a5fbec395f99a/97315df48_vangaurd.png","","6940db7f9bcc06c46a2b0a82","69416e85a7003c26a3e96781","6940e0105edb3db86aab2316","true","6969710cb1cc578cbb76add6","","true","696a963faeae1232637058d0","2026-01-16T19:49:19.908000","2026-01-16T19:50:11.046000","693ce6100b1a5fbec395f99b","jason@mcclaincellars.com","false"
"Overture","","McClain Cellars","Red","Alcoholic","Santa Ynez Valley","2026","14.8","128","2","","750ml","[{""varietal"":""Graciano"",""percentage"":50.1,""appellation"":""Santa Ynez Valley"",""vineyard"":""Estelle Vineyard""},{""varietal"":""Barbera"",""percentage"":8.5,""appellation"":""Santa Ynez Valley"",""vineyard"":""Estelle Vineyard""},{""varietal"":""Cabernet Sauvignon"",""percentage"":33.4,""appellation"":""Santa Ynez Valley"",""vineyard"":""Estelle Vineyard""},{""varietal"":""Petite Sirah"",""percentage"":8,""appellation"":""Santa Ynez Valley"",""vineyard"":""Estelle Vineyard""}]","","https://base44.app/api/apps/693ce6100b1a5fbec395f99a/files/public/693ce6100b1a5fbec395f99a/0b87e9106_Overture.png","","6940db7f9bcc06c46a2b0a82","69416e55d09b5f30dc8165a6","6940e0105edb3db86aab2316","true","6969710cb1cc578cbb76add6","","true","696a95f472cd0a5a90117858","2026-01-16T19:48:04.698000","2026-01-16T19:49:00.251000","693ce6100b1a5fbec395f99b","jason@mcclaincellars.com","false"
"Kayla's Crush","","McClain Cellars","Red","Alcoholic","Santa Ynez Valley","2026","14.66","","","","750ml","[{""varietal"":""Cabernet Franc"",""percentage"":78,""appellation"":""Santa Ynez Valley"",""vineyard"":""Estelle Vineyard""},{""varietal"":""Cabernet Sauvignon"",""percentage"":22,""appellation"":""Santa Ynez Valley"",""vineyard"":""Estelle Vineyard""}]","","https://base44.app/api/apps/693ce6100b1a5fbec395f99a/files/public/693ce6100b1a5fbec395f99a/86a89b96e_2020KaylasCrush.jpg","","6940db7f9bcc06c46a2b0a82","69416e55d09b5f30dc8165a6","6940e0105edb3db86aab2316","true","","","true","696a948f220b8e5aed20b133","2026-01-16T19:42:07.968000","2026-01-16T19:42:29.682000","693ce6100b1a5fbec395f99b","jason@mcclaincellars.com","false"
"Darcella","","McClain Cellars","Red","Alcoholic","Santa Ynez Valley","2026","15.7","","","","750ml","[{""varietal"":""Cabernet Sauvignon"",""percentage"":40,""appellation"":""Santa Ynez Valley"",""vineyard"":""Estelle Vineyard""},{""varietal"":""Merlot"",""percentage"":60,""appellation"":""Santa Ynez Valley"",""vineyard"":""Estelle Vineyard""}]","","https://base44.app/api/apps/693ce6100b1a5fbec395f99a/files/public/693ce6100b1a5fbec395f99a/532d537e9_2021Darcella.jpg","","6940db7f9bcc06c46a2b0a82","69416e55d09b5f30dc8165a6","6940e0105edb3db86aab2316","true","","","true","696a92cbce41b7acf4e24240","2026-01-16T19:34:35.047000","2026-01-16T19:34:35.047000","693ce6100b1a5fbec395f99b","jason@mcclaincellars.com","false"
"Mackenzie","","McClain Cellars","Red","Alcoholic","Santa Ynez Valley","2026","14.8","128","2","","750ml","[{""varietal"":""Graciano"",""percentage"":50.1,""appellation"":""Santa Ynez Valley"",""vineyard"":""Estelle Vineyard""},{""varietal"":""Barbera"",""percentage"":8.5,""appellation"":""Santa Ynez Valley"",""vineyard"":""Estelle Vineyard""},{""varietal"":""Cabernet Sauvignon"",""percentage"":33.4,""appellation"":""Santa Ynez Valley"",""vineyard"":""Estelle Vineyard""},{""varietal"":""Petite Sirah"",""percentage"":8,""appellation"":""Santa Ynez Valley"",""vineyard"":""Estelle Vineyard""}]","","https://base44.app/api/apps/693ce6100b1a5fbec395f99a/files/public/693ce6100b1a5fbec395f99a/67e4517dd_MackenzieBot1.jpg","","6940db7f9bcc06c46a2b0a82","69416e55d09b5f30dc8165a6","6940e0105edb3db86aab2316","true","","","true","696a90be74d44c845a8f2eb4","2026-01-16T19:25:50.331000","2026-01-16T19:26:14.200000","693ce6100b1a5fbec395f99b","jason@mcclaincellars.com","false"
"Opportunity","","McClain Cellars","Red","Alcoholic","Santa Ynez Valley","2020","","168","","","750ml","[{""varietal"":""Sauvignon Blanc"",""percentage"":63.898916967509024,""appellation"":""Santa Ynez Valley"",""vineyard"":""La Presa""},{""varietal"":""Grenache Blanc"",""percentage"":18.050541516245488,""appellation"":""Santa Ynez Valley"",""vineyard"":""La Presa""},{""varietal"":""Chardonnay"",""percentage"":18.050541516245488,""appellation"":""Santa Ynez Valley"",""vineyard"":""SANTA YNEZ VINEYARD""}]","Imported from Bottling Plan","https://base44.app/api/apps/693ce6100b1a5fbec395f99a/files/public/693ce6100b1a5fbec395f99a/793991ec5_2023-Opportunity-HERO-1.jpg","","6940df125bb0b49b78d9a3aa","69416e85a7003c26a3e96781","6940e6bfe1fbd215f8a85ac0","true","","6940f40bb9baea1e6cba7db9","false","69697d018b3d387cd1cf67e9","2026-01-15T23:49:21.205000","2026-01-16T22:56:30.252000","693ce6100b1a5fbec395f99b","jason@mcclaincellars.com","false"
"Covent Garden (Reserve)","","McClain Cellars","Red","Alcoholic","Santa Ynez Valley","2021","","100","","","750ml","[{""varietal"":""Malbec"",""percentage"":100,""appellation"":""Santa Ynez Valley"",""vineyard"":""Sanger Estate Vineyard""}]","Imported from Bottling Plan 2024","https://base44.app/api/apps/693ce6100b1a5fbec395f99a/files/public/693ce6100b1a5fbec395f99a/459573922_2020CoventGardenBot-600x800.jpg","","6940e6bfe1fbd215f8a85ac9","69416e55d09b5f30dc8165a6","6940e013a7bea5f1760b78f7","true","","","true","696968553edb17d29ab86cb3","2026-01-15T22:21:09.128000","2026-01-16T00:12:42.190000","693ce6100b1a5fbec395f99b","jason@mcclaincellars.com","false"
"AWAKEND JOY","","LaFata Cellars","White","Alcoholic","Santa Ynez Valley","2021","","83","","","750ml","[{""varietal"":""Grenache Blanc"",""percentage"":100,""appellation"":""Santa Ynez Valley"",""vineyard"":""La Presa""}]","Imported from Bottling Plan","https://base44.app/api/apps/693ce6100b1a5fbec395f99a/files/public/693ce6100b1a5fbec395f99a/3feda3478_10-LFC-AWAKENEDJOY_1000X1500.png","","6940df125bb0b49b78d9a3aa","69416e85a7003c26a3e96781","6940e0128522261c1426aab6","true","","","true","6969680aa32aa46958292a98","2026-01-15T22:19:54.713000","2026-01-16T00:05:54.744000","693ce6100b1a5fbec395f99b","jason@mcclaincellars.com","false"
"Summer Breeze","","McClain Cellars","White","Alcoholic","Santa Ynez Valley","2021","","170","","","750ml","[{""varietal"":""Chardonnay"",""percentage"":25,""appellation"":""Santa Ynez Valley"",""vineyard"":""SANTA YNEZ VINEYARD""},{""varietal"":""Grenache Blanc"",""percentage"":75,""appellation"":""Santa Ynez Valley"",""vineyard"":""La Presa""}]","Imported from Bottling Plan","https://base44.app/api/apps/693ce6100b1a5fbec395f99a/files/public/693ce6100b1a5fbec395f99a/8867117d4_2021WineBTL-CROP-14.jpg","","6940df125bb0b49b78d9a3aa","69416e85a7003c26a3e96781","6940e0105edb3db86aab2316","true","","6940f40bb9baea1e6cba7dc8","false","696967fc1fe0ccf5f63c8296","2026-01-15T22:19:40.312000","2026-01-16T22:55:37.759000","693ce6100b1a5fbec395f99b","jason@mcclaincellars.com","false"
"Savanna Grace","","McClain Cellars","White","Alcoholic","Santa Ynez Valley","2021","","211","","","750ml","[{""varietal"":""Sauvignon Blanc"",""percentage"":100,""appellation"":""Santa Ynez Valley"",""vineyard"":""La Presa""}]","Imported from Bottling Plan","https://base44.app/api/apps/693ce6100b1a5fbec395f99a/files/public/693ce6100b1a5fbec395f99a/da82361c7_392CE85A-D500-5FB5-A51E-EAAB8D37F18Flarge.jpg","","6940df125bb0b49b78d9a3aa","69416e85a7003c26a3e96781","6940e0105edb3db86aab2316","true","","","","69696512ab7f53e6b6a74fc9","2026-01-15T22:07:14.622000","2026-01-15T23:07:26.932000","693ce6100b1a5fbec395f99b","jason@mcclaincellars.com","false"
"ANNA BREATH","","LaFata Cellars","White","Alcoholic","Santa Ynez Valley","2022","","83","","","750ml","[{""varietal"":""Viognier"",""percentage"":80,""appellation"":""Santa Ynez Valley"",""vineyard"":""La Presa""},{""varietal"":""Roussanne"",""percentage"":20,""appellation"":""Santa Ynez Valley"",""vineyard"":""La Presa""}]","Imported from Bottling Plan","https://base44.app/api/apps/693ce6100b1a5fbec395f99a/files/public/693ce6100b1a5fbec395f99a/af917abcd_10-LFC-ANNASBREATH.png","","6940df125bb0b49b78d9a3aa","6940dd66e04bca22c7fbbccc","6940e0128522261c1426aab6","true","","","true","69416f7833db6c66395ae3d8","2025-12-16T14:40:56","2026-01-16T01:06:19.932000","693ce6100b1a5fbec395f99b","jason@mcclaincellars.com","false"
"California Dreamin'","","McClain Cellars","Rosé","Alcoholic","Santa Ynez Valley","2023","","","","","750ml","[{""varietal"":""Cabernet Sauvignon Rosé"",""percentage"":100,""appellation"":""Santa Ynez Valley"",""vineyard"":""Estelle Vineyard""}]","","https://base44.app/api/apps/693ce6100b1a5fbec395f99a/files/public/693ce6100b1a5fbec395f99a/7c67f783e_2023-CaliforniaDreamin-HERO.jpg","","6940df125bb0b49b78d9a3aa","69416e55d09b5f30dc8165a6","6940e6bfe1fbd215f8a85ac1","true","","","true","6940f40bb9baea1e6cba7da6","2025-12-16T05:54:19.916000","2026-01-16T00:22:26.952000","693ce6100b1a5fbec395f99b","jason@mcclaincellars.com","false"
"Camping in Clouds","","McClain Cellars","White","Alcoholic","Santa Ynez Valley","2021","14.5","","","","750ml","[{""varietal"":""Roussanne"",""percentage"":80,""appellation"":""Santa Ynez Valley"",""vineyard"":""Estelle Vineyard""},{""varietal"":""Grenache Blanc"",""percentage"":20,""appellation"":""Santa Ynez Valley"",""vineyard"":""Estelle Vineyard""}]","","https://base44.app/api/apps/693ce6100b1a5fbec395f99a/files/public/693ce6100b1a5fbec395f99a/54bcc5f43_CampingInCloudsBot.jpg","","6940df125bb0b49b78d9a3aa","69416e85a7003c26a3e96781","6940e0133484f3ba926f8e57","true","","","true","6940f40bb9baea1e6cba7da7","2025-12-16T05:54:19.916000","2026-01-16T00:22:26.961000","693ce6100b1a5fbec395f99b","jason@mcclaincellars.com","false"
"Cloud Nine","","McClain Cellars","White","Alcoholic","Santa Ynez Valley","2021","13.8","","","","750ml","[{""varietal"":""Chardonnay"",""percentage"":100,""appellation"":""Santa Ynez Valley"",""vineyard"":""Estelle Vineyard""}]","","https://base44.app/api/apps/693ce6100b1a5fbec395f99a/files/public/693ce6100b1a5fbec395f99a/27ff39791_CloudNineBot-600x800.jpg","https://base44.app/api/apps/693ce6100b1a5fbec395f99a/files/public/693ce6100b1a5fbec395f99a/194867727_21-CloudNine.jpg","6940d695e3a3c87bf7dc397c","6940dd66e04bca22c7fbbccc","6940e011dc994d5d58ebec3a","true","","","true","6940f40bb9baea1e6cba7da8","2025-12-16T05:54:19.916000","2026-01-16T20:46:55.176000","693ce6100b1a5fbec395f99b","jason@mcclaincellars.com","false"
"Family Values","","McClain Cellars","Red","Alcoholic","Santa Ynez Valley","2020","","","","","750ml","[{""varietal"":""Petite Sirah"",""percentage"":100,""appellation"":""Santa Ynez Valley"",""vineyard"":""Sanger Estate Vineyard""}]","","https://base44.app/api/apps/693ce6100b1a5fbec395f99a/files/public/693ce6100b1a5fbec395f99a/dc41e59f4_2020FamilyValues3yr.jpg","","6940db7f9bcc06c46a2b0a82","69416e85a7003c26a3e96781","6940e0105edb3db86aab2316","true","","","true","6940f40bb9baea1e6cba7daa","2025-12-16T05:54:19.916000","2026-01-16T00:30:10.527000","693ce6100b1a5fbec395f99b","jason@mcclaincellars.com","false"
"Five Hearts","","McClain Cellars","Red","Alcoholic","Santa Ynez Valley","2020","15.5","","","","750ml","[{""varietal"":""Petite Sirah"",""percentage"":50,""appellation"":""Santa Ynez Valley"",""vineyard"":""Estelle Vineyard""},{""varietal"":""Sangiovese"",""percentage"":30,""appellation"":""Santa Ynez Valley"",""vineyard"":""Sanger Estate Vineyard""},{""varietal"":""Merlot"",""percentage"":20,""appellation"":""Santa Ynez Valley"",""vineyard"":""Sanger Estate Vineyard""}]","","https://base44.app/api/apps/693ce6100b1a5fbec395f99a/files/public/693ce6100b1a5fbec395f99a/568aae919_2020FiveHeartsBot-600x800.jpg","","6940db7f9bcc06c46a2b0a82","69416e85a7003c26a3e96781","6940e0105edb3db86aab2316","true","","","true","6940f40bb9baea1e6cba7dab","2025-12-16T05:54:19.916000","2026-01-17T21:19:37.274000","693ce6100b1a5fbec395f99b","jason@mcclaincellars.com","false"
"Five Hearts","","McClain Cellars","Red","Alcoholic","Santa Ynez Valley","2018","","","","","750ml","[{""varietal"":""Petite Sirah"",""percentage"":57,""appellation"":""Santa Ynez Valley"",""vineyard"":""Estelle Vineyard""},{""varietal"":""Sangiovese"",""percentage"":27,""appellation"":""Santa Ynez Valley"",""vineyard"":""Shoestring Vineyard""},{""varietal"":""Merlot"",""percentage"":16,""appellation"":""Santa Ynez Valley"",""vineyard"":""Sanger Estate Vineyard""}]","","https://base44.app/api/apps/693ce6100b1a5fbec395f99a/files/public/693ce6100b1a5fbec395f99a/4a9dc818d_2020FiveHeartsBot-600x800.jpg","","6940e6bfe1fbd215f8a85ac9","69416e55d09b5f30dc8165a6","6940e013a7bea5f1760b78f7","true","","6940f40bb9baea1e6cba7dab","false","6940f40bb9baea1e6cba7dac","2025-12-16T05:54:19.916000","2026-01-16T22:54:25.205000","693ce6100b1a5fbec395f99b","jason@mcclaincellars.com","false"
"Freedom of Life","","LaFata Cellars","Red","Alcoholic","Temecula Valley","2021","","","","","750ml","[{""varietal"":""Syrah"",""percentage"":85,""appellation"":""Temecula"",""vineyard"":""La Fata Estate""},{""varietal"":""Petite Sirah"",""percentage"":15,""appellation"":""Santa Ynez Valley"",""vineyard"":""Sanger Estate Vineyard""}]","","https://base44.app/api/apps/693ce6100b1a5fbec395f99a/files/public/693ce6100b1a5fbec395f99a/522bc29a5_10-LFC-FREEDOMOFLIFE-1.png","","6940e6bfe1fbd215f8a85ac9","69416e85a7003c26a3e96781","6940e013a7bea5f1760b78f7","true","","","true","6940f40bb9baea1e6cba7dad","2025-12-16T05:54:19.916000","2026-01-17T01:11:55.798000","693ce6100b1a5fbec395f99b","jason@mcclaincellars.com","false"
"Hope and Faith","","McClain Cellars","Red","Alcoholic","Santa Ynez Valley","2020","","","","","750ml","[{""varietal"":""Petite Sirah"",""percentage"":100,""appellation"":""Santa Ynez Valley"",""vineyard"":""La Presa""}]","","https://base44.app/api/apps/693ce6100b1a5fbec395f99a/files/public/693ce6100b1a5fbec395f99a/7a1b34925_2020HopeFaith.jpg","","6940db7f9bcc06c46a2b0a82","69416e55d09b5f30dc8165a6","6940e0105edb3db86aab2316","true","","","true","6940f40bb9baea1e6cba7dae","2025-12-16T05:54:19.916000","2026-01-17T01:11:55.829000","693ce6100b1a5fbec395f99b","jason@mcclaincellars.com","false"
"Kiss of Life","","McClain Cellars","White","Alcoholic","Santa Ynez Valley","2016","","","","","750ml","[{""varietal"":""Albariño"",""percentage"":46,""appellation"":""Santa Ynez Valley"",""vineyard"":""Estelle Vineyard""},{""varietal"":""Grenache Blanc"",""percentage"":30,""appellation"":""Santa Ynez Valley"",""vineyard"":""Estelle Vineyard""},{""varietal"":""Viognier"",""percentage"":12,""appellation"":""Santa Ynez Valley"",""vineyard"":""Estelle Vineyard""},{""varietal"":""Arneis"",""percentage"":12,""appellation"":""Santa Ynez Valley"",""vineyard"":""Estelle Vineyard""}]","","https://base44.app/api/apps/693ce6100b1a5fbec395f99a/files/public/693ce6100b1a5fbec395f99a/a2ef15280_KissOfLifeBot.jpg","","6940df125bb0b49b78d9a3aa","69416e85a7003c26a3e96781","6940e0105edb3db86aab2316","true","","","true","6940f40bb9baea1e6cba7daf","2025-12-16T05:54:19.916000","2026-01-16T00:29:51.631000","693ce6100b1a5fbec395f99b","jason@mcclaincellars.com","false"
"Life Saver","","McClain Cellars","Red","Alcoholic","Santa Ynez Valley","2021","","","","","750ml","[{""varietal"":""Tempranillo"",""percentage"":100,""appellation"":""Santa Ynez Valley"",""vineyard"":""Estelle Vineyard""}]","","https://base44.app/api/apps/693ce6100b1a5fbec395f99a/files/public/693ce6100b1a5fbec395f99a/d55f558e0_2021WineBTL-CROP-04.jpg","","6940e6bfe1fbd215f8a85ac9","69416e85a7003c26a3e96781","6940e013a7bea5f1760b78f7","true","","","true","6940f40bb9baea1e6cba7db0","2025-12-16T05:54:19.916000","2026-01-16T00:22:27.011000","693ce6100b1a5fbec395f99b","jason@mcclaincellars.com","false"
"Life Saver","","McClain Cellars","Red","Alcoholic","Santa Ynez Valley","2020","","","","","750ml","[{""varietal"":""Tempranillo"",""percentage"":75,""appellation"":""Santa Ynez Valley"",""vineyard"":""Estelle Vineyard""},{""varietal"":""Petite Sirah"",""percentage"":25,""appellation"":""Santa Ynez Valley"",""vineyard"":""Estelle Vineyard""}]","","https://base44.app/api/apps/693ce6100b1a5fbec395f99a/files/public/693ce6100b1a5fbec395f99a/9724e5743_2021WineBTL-CROP-04.jpg","","6940e6bfe1fbd215f8a85ac9","69416e85a7003c26a3e96781","6940e013a7bea5f1760b78f7","true","","6940f40bb9baea1e6cba7db0","false","6940f40bb9baea1e6cba7db1","2025-12-16T05:54:19.916000","2026-01-16T22:57:00.684000","693ce6100b1a5fbec395f99b","jason@mcclaincellars.com","false"
"Love & Happiness","","McClain Cellars","Red","Alcoholic","Santa Ynez Valley","2021","","","","","750ml","[{""varietal"":""Pinot Noir"",""percentage"":86,""appellation"":""Santa Ynez Valley"",""vineyard"":""Estelle Vineyard""},{""varietal"":""Petite Sirah"",""percentage"":14,""appellation"":""Santa Ynez Valley"",""vineyard"":""Estelle Vineyard""}]","","https://base44.app/api/apps/693ce6100b1a5fbec395f99a/files/public/693ce6100b1a5fbec395f99a/08932f943_2021WineBTL-CROP-06.jpg","","6940df8d3691907073161b2a","69416e85a7003c26a3e96781","6940e0105edb3db86aab2316","true","","","true","6940f40bb9baea1e6cba7db2","2025-12-16T05:54:19.916000","2026-01-16T00:22:26.999000","693ce6100b1a5fbec395f99b","jason@mcclaincellars.com","false"
"Love & Happiness","","McClain Cellars","Red","Alcoholic","Santa Ynez Valley","2019","14.96","","","","750ml","[{""varietal"":""Pinot Noir"",""percentage"":100,""appellation"":""Santa Ynez Valley"",""vineyard"":""Rio Vista""}]","","https://base44.app/api/apps/693ce6100b1a5fbec395f99a/files/public/693ce6100b1a5fbec395f99a/c7188f9f0_2021WineBTL-CROP-06.jpg","","6940df8d3691907073161b2a","69416e55d09b5f30dc8165a6","6940e0105edb3db86aab2316","true","","6940f40bb9baea1e6cba7db2","false","6940f40bb9baea1e6cba7db3","2025-12-16T05:54:19.916000","2026-01-16T22:54:44.687000","693ce6100b1a5fbec395f99b","jason@mcclaincellars.com","false"
"Miracle Maker","","McClain Cellars","Red","Alcoholic","Santa Ynez Valley","2020","14.5","","","","750ml","[{""varietal"":""Merlot"",""percentage"":25,""appellation"":""Santa Ynez Valley"",""vineyard"":""Estelle Vineyard""},{""varietal"":""Syrah"",""percentage"":25,""appellation"":""Santa Ynez Valley"",""vineyard"":""Estelle Vineyard""},{""varietal"":""Petite Sirah"",""percentage"":25,""appellation"":""Santa Ynez Valley"",""vineyard"":""Estelle Vineyard""},{""varietal"":""Sangiovese"",""percentage"":25,""appellation"":""Santa Ynez Valley"",""vineyard"":""Estelle Vineyard""}]","","https://base44.app/api/apps/693ce6100b1a5fbec395f99a/files/public/693ce6100b1a5fbec395f99a/15f6102b8_2020MiracleMaker.jpg","","6940db7f9bcc06c46a2b0a82","69416e85a7003c26a3e96781","6940e014c9a08f427d779893","true","6969710cb1cc578cbb76add7","","true","6940f40bb9baea1e6cba7db5","2025-12-16T05:54:19.916000","2026-01-16T01:05:45.541000","693ce6100b1a5fbec395f99b","jason@mcclaincellars.com","false"
"Music of Life","","McClain Cellars","Red","Alcoholic","Santa Ynez Valley","2021","","","","","750ml","[{""varietal"":""Petit Verdot"",""percentage"":46,""appellation"":""Santa Ynez Valley"",""vineyard"":""Estelle Vineyard""},{""varietal"":""Cabernet Franc"",""percentage"":22,""appellation"":""Santa Ynez Valley"",""vineyard"":""Estelle Vineyard""},{""varietal"":""Tempranillo"",""percentage"":19,""appellation"":""Santa Ynez Valley"",""vineyard"":""Estelle Vineyard""},{""varietal"":""Malbec"",""percentage"":13,""appellation"":""Santa Ynez Valley"",""vineyard"":""Estelle Vineyard""}]","","https://base44.app/api/apps/693ce6100b1a5fbec395f99a/files/public/693ce6100b1a5fbec395f99a/a9abd2322_2021WineBTL-CROP-19.jpg","","6940db7f9bcc06c46a2b0a82","69416e85a7003c26a3e96781","6940e014c9a08f427d779893","true","","","true","6940f40bb9baea1e6cba7db6","2025-12-16T05:54:19.916000","2026-01-16T00:22:26.968000","693ce6100b1a5fbec395f99b","jason@mcclaincellars.com","false"
"Olsen Ovation","","McClain Cellars","White","Alcoholic","Santa Ynez Valley","2021","14.5","","","","750ml","[{""varietal"":""Grenache Blanc"",""percentage"":52,""appellation"":""Santa Ynez Valley"",""vineyard"":""Estelle Vineyard""},{""varietal"":""Roussanne"",""percentage"":26,""appellation"":""Santa Ynez Valley"",""vineyard"":""Estelle Vineyard""},{""varietal"":""Arneis"",""percentage"":15,""appellation"":""Santa Ynez Valley"",""vineyard"":""Estelle Vineyard""},{""varietal"":""Albariño"",""percentage"":7,""appellation"":""Santa Ynez Valley"",""vineyard"":""Estelle Vineyard""}]","","https://base44.app/api/apps/693ce6100b1a5fbec395f99a/files/public/693ce6100b1a5fbec395f99a/536ce955c_2019OlsenOvation.jpg","","6940df125bb0b49b78d9a3aa","69416e85a7003c26a3e96781","6940e0105edb3db86aab2316","true","","","true","6940f40bb9baea1e6cba7db7","2025-12-16T05:54:19.916000","2026-01-16T00:22:27.011000","693ce6100b1a5fbec395f99b","jason@mcclaincellars.com","false"
"Open Arms","","McClain Cellars","White","Alcoholic","Santa Ynez Valley","2022","","","","","750ml","[{""varietal"":""Viognier"",""percentage"":100,""appellation"":""Santa Ynez Valley"",""vineyard"":""Estelle Vineyard""}]","","https://base44.app/api/apps/693ce6100b1a5fbec395f99a/files/public/693ce6100b1a5fbec395f99a/ff94ebf57_2020OpenArmsBot-600x800.jpg","https://base44.app/api/apps/693ce6100b1a5fbec395f99a/files/public/693ce6100b1a5fbec395f99a/7f83a29fe_21-OpenArms.jpg","6940df125bb0b49b78d9a3aa","6940dd66e04bca22c7fbbccc","6940e0105edb3db86aab2316","true","","","true","6940f40bb9baea1e6cba7db8","2025-12-16T05:54:19.916000","2026-01-16T00:13:07.768000","693ce6100b1a5fbec395f99b","jason@mcclaincellars.com","false"
"Opportunity","","McClain Cellars","White","Alcoholic","Santa Ynez Valley","2018","","","","","750ml","[{""varietal"":""Sauvignon Blanc"",""percentage"":44,""appellation"":""Santa Ynez Valley"",""vineyard"":""La Presa""},{""varietal"":""Grenache Blanc"",""percentage"":40,""appellation"":""Santa Ynez Valley"",""vineyard"":""La Presa""},{""varietal"":""Albariño"",""percentage"":13,""appellation"":""Santa Ynez Valley"",""vineyard"":""La Presa""},{""varietal"":""Arneis"",""percentage"":2,""appellation"":""Santa Ynez Valley"",""vineyard"":""La Presa""},{""varietal"":""Viognier"",""percentage"":1,""appellation"":""Santa Ynez Valley"",""vineyard"":""La Presa""}]","","https://base44.app/api/apps/693ce6100b1a5fbec395f99a/files/public/693ce6100b1a5fbec395f99a/e63ad7757_23whitewine--1.jpeg","","6940df125bb0b49b78d9a3aa","6940dd66e04bca22c7fbbccc","6940e6bfe1fbd215f8a85ac0","true","","","true","6940f40bb9baea1e6cba7db9","2025-12-16T05:54:19.916000","2026-01-16T01:06:19.939000","693ce6100b1a5fbec395f99b","jason@mcclaincellars.com","false"
"Overcomer","","McClain Cellars","Red","Alcoholic","Santa Ynez Valley","2021","","","","","750ml","[{""varietal"":""Cabernet Franc"",""percentage"":40,""appellation"":""Santa Ynez Valley"",""vineyard"":""Estelle Vineyard""},{""varietal"":""Tempranillo"",""percentage"":40,""appellation"":""Santa Ynez Valley"",""vineyard"":""Estelle Vineyard""},{""varietal"":""Mourvedre"",""percentage"":20,""appellation"":""Santa Ynez Valley"",""vineyard"":""Estelle Vineyard""}]","","https://base44.app/api/apps/693ce6100b1a5fbec395f99a/files/public/693ce6100b1a5fbec395f99a/dbb55ce98_overcomer.png","","6940db7f9bcc06c46a2b0a82","6940dd66e04bca22c7fbbccc","6940e6bfe1fbd215f8a85ac2","true","","","true","6940f40bb9baea1e6cba7dba","2025-12-16T05:54:19.916000","2026-01-16T22:06:32.115000","693ce6100b1a5fbec395f99b","jason@mcclaincellars.com","false"
"Painted Dreams","","McClain Cellars","Red","Alcoholic","Santa Ynez Valley","2020","14.8","","","","750ml","[{""varietal"":""Petit Verdot"",""percentage"":100,""appellation"":""Santa Ynez Valley"",""vineyard"":""Estelle Vineyard""}]","","https://base44.app/api/apps/693ce6100b1a5fbec395f99a/files/public/693ce6100b1a5fbec395f99a/cbad2151a_PaintedDreamsBot-600x800.jpg","","6940db7f9bcc06c46a2b0a82","69416e85a7003c26a3e96781","6940e0105edb3db86aab2316","true","","","true","6940f40bb9baea1e6cba7dbb","2025-12-16T05:54:19.916000","2026-01-16T01:05:45.537000","693ce6100b1a5fbec395f99b","jason@mcclaincellars.com","false"
"Panther's Pride","","McClain Cellars","Red","Alcoholic","Santa Ynez Valley","2020","","","","","750ml","[{""varietal"":""Syrah"",""percentage"":33,""appellation"":""Santa Ynez Valley"",""vineyard"":""Estelle Vineyard""},{""varietal"":""Petite Sirah"",""percentage"":31,""appellation"":""Santa Ynez Valley"",""vineyard"":""Estelle Vineyard""},{""varietal"":""Graciano"",""percentage"":18,""appellation"":""Santa Ynez Valley"",""vineyard"":""Estelle Vineyard""},{""varietal"":""Malbec"",""percentage"":18,""appellation"":""Santa Ynez Valley"",""vineyard"":""Estelle Vineyard""}]","","https://base44.app/api/apps/693ce6100b1a5fbec395f99a/files/public/693ce6100b1a5fbec395f99a/ad1482228_2020Panther-Pride_1506X1909-scaled.jpg","","6940db7f9bcc06c46a2b0a82","69416e85a7003c26a3e96781","6940e6bfe1fbd215f8a85ac3","true","6969710cb1cc578cbb76add6","","true","6940f40bb9baea1e6cba7dbc","2025-12-16T05:54:19.916000","2026-01-16T01:05:45.524000","693ce6100b1a5fbec395f99b","jason@mcclaincellars.com","false"
"Promise Keeper","","McClain Cellars","Red","Alcoholic","Santa Ynez Valley","2020","","","","","750ml","[{""varietal"":""Barbera"",""percentage"":50,""appellation"":""Santa Ynez Valley"",""vineyard"":""Estelle Vineyard""},{""varietal"":""Mourvedre"",""percentage"":33,""appellation"":""Santa Ynez Valley"",""vineyard"":""Estelle Vineyard""},{""varietal"":""Sangiovese"",""percentage"":17,""appellation"":""Santa Ynez Valley"",""vineyard"":""Estelle Vineyard""}]","","https://base44.app/api/apps/693ce6100b1a5fbec395f99a/files/public/693ce6100b1a5fbec395f99a/d822eb17d_2020PromiseKeeperBot-600x800.jpg","","6940e6bfe1fbd215f8a85ac9","69416e55d09b5f30dc8165a6","6940e013a7bea5f1760b78f7","true","","","true","6940f40bb9baea1e6cba7dbd","2025-12-16T05:54:19.916000","2026-01-16T01:05:45.493000","693ce6100b1a5fbec395f99b","jason@mcclaincellars.com","false"
"Purpose Road","","McClain Cellars","Red","Alcoholic","Santa Ynez Valley","2020","","","","","750ml","[{""varietal"":""Merlot"",""percentage"":75,""appellation"":""Santa Ynez Valley"",""vineyard"":""Sanger Estate Vineyard""},{""varietal"":""Sangiovese"",""percentage"":25,""appellation"":""Santa Ynez Valley"",""vineyard"":""Sanger Estate Vineyard""}]","","https://base44.app/api/apps/693ce6100b1a5fbec395f99a/files/public/693ce6100b1a5fbec395f99a/3e009e521_2020PurposeRoad3year.jpg","","6940db7f9bcc06c46a2b0a82","69416e85a7003c26a3e96781","6940e0105edb3db86aab2316","true","","","true","6940f40bb9baea1e6cba7dbe","2025-12-16T05:54:19.916000","2026-01-16T01:08:35.545000","693ce6100b1a5fbec395f99b","jason@mcclaincellars.com","false"
"Quiet Storm","","McClain Cellars","Red","Alcoholic","Santa Ynez Valley","2020","14.6","","","","750ml","[{""varietal"":""Syrah"",""percentage"":33,""appellation"":""Santa Ynez Valley"",""vineyard"":""Estelle Vineyard""},{""varietal"":""Petite Sirah"",""percentage"":31,""appellation"":""Santa Ynez Valley"",""vineyard"":""Estelle Vineyard""},{""varietal"":""Graciano"",""percentage"":18,""appellation"":""Santa Ynez Valley"",""vineyard"":""Estelle Vineyard""},{""varietal"":""Malbec"",""percentage"":18,""appellation"":""Santa Ynez Valley"",""vineyard"":""Estelle Vineyard""}]","","https://base44.app/api/apps/693ce6100b1a5fbec395f99a/files/public/693ce6100b1a5fbec395f99a/fe62cae23_2020QuietStorm.jpg","","6940db7f9bcc06c46a2b0a82","69416e85a7003c26a3e96781","6940e0105edb3db86aab2316","true","","","true","6940f40bb9baea1e6cba7dbf","2025-12-16T05:54:19.916000","2026-01-16T01:05:45.501000","693ce6100b1a5fbec395f99b","jason@mcclaincellars.com","false"
"Rising Rhapsody","","McClain Cellars","White","Alcoholic","Santa Ynez Valley","2023","14","","","","750ml","[{""varietal"":""Roussanne"",""percentage"":50,""appellation"":""Santa Ynez Valley"",""vineyard"":""La Presa""},{""varietal"":""Grenache Blanc"",""percentage"":50,""appellation"":""Santa Ynez Valley"",""vineyard"":""La Presa""}]","","https://base44.app/api/apps/693ce6100b1a5fbec395f99a/files/public/693ce6100b1a5fbec395f99a/af27500c0_23whitewine--2.jpeg","","6940df125bb0b49b78d9a3aa","6940dd66e04bca22c7fbbccc","6940e6bfe1fbd215f8a85ac2","true","","","true","6940f40bb9baea1e6cba7dc0","2025-12-16T05:54:19.916000","2026-01-16T01:06:19.965000","693ce6100b1a5fbec395f99b","jason@mcclaincellars.com","false"
"Risktaker","","McClain Cellars","Red","Alcoholic","Santa Ynez Valley","2021","","","","","750ml","[{""varietal"":""Grenache"",""percentage"":47,""appellation"":""Santa Ynez Valley"",""vineyard"":""Estelle Vineyard""},{""varietal"":""Syrah"",""percentage"":24,""appellation"":""Santa Ynez Valley"",""vineyard"":""Estelle Vineyard""},{""varietal"":""Mourvedre"",""percentage"":17,""appellation"":""Santa Ynez Valley"",""vineyard"":""Estelle Vineyard""},{""varietal"":""Sangiovese"",""percentage"":12,""appellation"":""Santa Ynez Valley"",""vineyard"":""Estelle Vineyard""}]","","https://base44.app/api/apps/693ce6100b1a5fbec395f99a/files/public/693ce6100b1a5fbec395f99a/f6b8521cd_2021Risktaker.jpg","https://base44.app/api/apps/693ce6100b1a5fbec395f99a/files/public/693ce6100b1a5fbec395f99a/90631632f_2021RiskTaker-Label.jpg","6940e6bfe1fbd215f8a85ac9","6940dd66e04bca22c7fbbccc","6940e014c9a08f427d779893","true","","","true","6940f40bb9baea1e6cba7dc1","2025-12-16T05:54:19.916000","2026-01-16T01:05:45.451000","693ce6100b1a5fbec395f99b","jason@mcclaincellars.com","false"
"Rudderless","","McClain Cellars","Red","Alcoholic","Santa Ynez Valley","2021","","","","","750ml","[{""varietal"":""Nebbiolo"",""percentage"":22,""appellation"":""Santa Ynez Valley"",""vineyard"":""Estelle Vineyard""},{""varietal"":""Petite Sirah"",""percentage"":22,""appellation"":""Santa Ynez Valley"",""vineyard"":""Estelle Vineyard""},{""varietal"":""Syrah"",""percentage"":22,""appellation"":""Santa Ynez Valley"",""vineyard"":""Estelle Vineyard""},{""varietal"":""Graciano"",""percentage"":22,""appellation"":""Santa Ynez Valley"",""vineyard"":""Estelle Vineyard""},{""varietal"":""Sangiovese"",""percentage"":12,""appellation"":""Santa Ynez Valley"",""vineyard"":""Shoestring Vineyard""}]","","https://base44.app/api/apps/693ce6100b1a5fbec395f99a/files/public/693ce6100b1a5fbec395f99a/492f81bd1_RudderlessBot.jpg","","6940db7f9bcc06c46a2b0a82","69416e55d09b5f30dc8165a6","6940e0105edb3db86aab2316","true","","6940f40bb9baea1e6cba7dc3","false","6940f40bb9baea1e6cba7dc2","2025-12-16T05:54:19.916000","2026-01-16T22:58:06.464000","693ce6100b1a5fbec395f99b","jason@mcclaincellars.com","false"
"Rudderless","","McClain Cellars","Red","Alcoholic","Santa Ynez Valley","2020","14.6","","","","750ml","[{""varietal"":""Malbec"",""percentage"":26,""appellation"":""Santa Ynez Valley"",""vineyard"":""Estelle Vineyard""},{""varietal"":""Petite Sirah"",""percentage"":26,""appellation"":""Santa Ynez Valley"",""vineyard"":""Estelle Vineyard""},{""varietal"":""Syrah"",""percentage"":26,""appellation"":""Santa Ynez Valley"",""vineyard"":""Estelle Vineyard""},{""varietal"":""Sangiovese"",""percentage"":13,""appellation"":""Santa Ynez Valley"",""vineyard"":""Estelle Vineyard""},{""varietal"":""Graciano"",""percentage"":9,""appellation"":""Santa Ynez Valley"",""vineyard"":""Estelle Vineyard""}]","","https://base44.app/api/apps/693ce6100b1a5fbec395f99a/files/public/693ce6100b1a5fbec395f99a/e005859f0_RudderlessBot.jpg","","6940db7f9bcc06c46a2b0a82","69416e85a7003c26a3e96781","6940e0105edb3db86aab2316","true","","6940f40bb9baea1e6cba7dc2","false","6940f40bb9baea1e6cba7dc3","2025-12-16T05:54:19.916000","2026-01-17T01:41:03.798000","693ce6100b1a5fbec395f99b","jason@mcclaincellars.com","false"
"Sacred Love","","McClain Cellars","Red","Alcoholic","Santa Ynez Valley","2020","","","","","750ml","[{""varietal"":""Cabernet Sauvignon"",""percentage"":100,""appellation"":""Santa Ynez Valley"",""vineyard"":""Sanger Estate Vineyard""}]","","https://base44.app/api/apps/693ce6100b1a5fbec395f99a/files/public/693ce6100b1a5fbec395f99a/bcd0a5454_SacredLoveBot2020.jpg","","6940e6bfe1fbd215f8a85ac9","69416e55d09b5f30dc8165a6","6940e013a7bea5f1760b78f7","true","","","true","6940f40bb9baea1e6cba7dc4","2025-12-16T05:54:19.916000","2026-01-17T01:11:55.769000","693ce6100b1a5fbec395f99b","jason@mcclaincellars.com","false"
"Sofia's Star","","McClain Cellars","Red","Alcoholic","Santa Ynez Valley","2020","","","","","750ml","[{""varietal"":""Syrah"",""percentage"":93,""appellation"":""Santa Ynez Valley"",""vineyard"":""Estelle Vineyard""},{""varietal"":""Petite Sirah"",""percentage"":7,""appellation"":""Santa Ynez Valley"",""vineyard"":""Estelle Vineyard""}]","","https://base44.app/api/apps/693ce6100b1a5fbec395f99a/files/public/693ce6100b1a5fbec395f99a/17ea25fbc_2020SofiaStar3yr.jpg","","6940db7f9bcc06c46a2b0a82","69416e85a7003c26a3e96781","6940e0105edb3db86aab2316","true","","","true","6940f40bb9baea1e6cba7dc5","2025-12-16T05:54:19.916000","2026-01-16T01:06:47.589000","693ce6100b1a5fbec395f99b","jason@mcclaincellars.com","false"
"Soulmate","","McClain Cellars","Red","Alcoholic","Santa Ynez Valley","2018","","","","","750ml","[{""varietal"":""Tempranillo"",""percentage"":23,""appellation"":""Santa Ynez Valley"",""vineyard"":""Estelle Vineyard""},{""varietal"":""Syrah"",""percentage"":21,""appellation"":""Santa Ynez Valley"",""vineyard"":""Estelle Vineyard""},{""varietal"":""Petite Sirah"",""percentage"":21,""appellation"":""Santa Ynez Valley"",""vineyard"":""Estelle Vineyard""},{""varietal"":""Cabernet Sauvignon"",""percentage"":16,""appellation"":""Santa Ynez Valley"",""vineyard"":""Estelle Vineyard""},{""varietal"":""Sangiovese"",""percentage"":10,""appellation"":""Santa Ynez Valley"",""vineyard"":""Estelle Vineyard""},{""varietal"":""Malbec"",""percentage"":9,""appellation"":""Santa Ynez Valley"",""vineyard"":""Estelle Vineyard""}]","","https://base44.app/api/apps/693ce6100b1a5fbec395f99a/files/public/693ce6100b1a5fbec395f99a/948fe9edd_IMG_4077.JPG","https://base44.app/api/apps/693ce6100b1a5fbec395f99a/files/public/693ce6100b1a5fbec395f99a/9c16f0304_2019-Soulmate-FRONT-ONLY.jpg","6940db7f9bcc06c46a2b0a82","6940dd66e04bca22c7fbbccc","6940e0105edb3db86aab2316","true","","","true","6940f40bb9baea1e6cba7dc6","2025-12-16T05:54:19.916000","2026-01-16T01:05:45.842000","693ce6100b1a5fbec395f99b","jason@mcclaincellars.com","false"
"Staycation","","McClain Cellars","White","Alcoholic","Santa Ynez Valley","2019","14.7","","","","750ml","[{""varietal"":""Grenache Blanc"",""percentage"":59,""appellation"":""Santa Ynez Valley"",""vineyard"":""Estelle Vineyard""},{""varietal"":""Albariño"",""percentage"":24,""appellation"":""Santa Ynez Valley"",""vineyard"":""Estelle Vineyard""},{""varietal"":""Viognier"",""percentage"":13,""appellation"":""Santa Ynez Valley"",""vineyard"":""Estelle Vineyard""},{""varietal"":""Arneis"",""percentage"":4,""appellation"":""Santa Ynez Valley"",""vineyard"":""Estelle Vineyard""}]","","https://base44.app/api/apps/693ce6100b1a5fbec395f99a/files/public/693ce6100b1a5fbec395f99a/86850b377_14A37E82-EE5C-5620-9517-5E30BD35972Clarge.jpg","https://base44.app/api/apps/693ce6100b1a5fbec395f99a/files/public/693ce6100b1a5fbec395f99a/91e363973_2018Staycation-WineLabel-FRONT.jpg","6940df125bb0b49b78d9a3aa","69416e55d09b5f30dc8165a6","6940e0133484f3ba926f8e57","true","","","true","6940f40bb9baea1e6cba7dc7","2025-12-16T05:54:19.916000","2026-01-16T01:05:45.540000","693ce6100b1a5fbec395f99b","jason@mcclaincellars.com","false"
"Summer Breeze","","McClain Cellars","White","Alcoholic","Santa Ynez Valley","2016","","","","","750ml","[{""varietal"":""Grenache Blanc"",""percentage"":80,""appellation"":""Santa Ynez Valley"",""vineyard"":""Estelle Vineyard""},{""varietal"":""Loureiro"",""percentage"":15,""appellation"":""Santa Ynez Valley"",""vineyard"":""Estelle Vineyard""},{""varietal"":""Viognier"",""percentage"":5,""appellation"":""Santa Ynez Valley"",""vineyard"":""Estelle Vineyard""}]","","https://base44.app/api/apps/693ce6100b1a5fbec395f99a/files/public/693ce6100b1a5fbec395f99a/c65fff76d_2021WineBTL-CROP-14.jpg","","6940df125bb0b49b78d9a3aa","69416e85a7003c26a3e96781","6940e0105edb3db86aab2316","true","","","true","6940f40bb9baea1e6cba7dc8","2025-12-16T05:54:19.916000","2026-01-16T00:16:08.201000","693ce6100b1a5fbec395f99b","jason@mcclaincellars.com","false"
"Three Daughters","","McClain Cellars","Red","Alcoholic","Santa Ynez Valley","2021","14.5","","","","750ml","[{""varietal"":""Cabernet Sauvignon"",""percentage"":100,""appellation"":""Santa Ynez Valley"",""vineyard"":""Estelle Vineyard""}]","","https://base44.app/api/apps/693ce6100b1a5fbec395f99a/files/public/693ce6100b1a5fbec395f99a/aad89ba4f_2021THreedaughters.png","","6940e6bfe1fbd215f8a85ac9","69416e55d09b5f30dc8165a6","6940e014c9a08f427d779893","true","","","","6940f40bb9baea1e6cba7dc9","2025-12-16T05:54:19.916000","2026-01-15T22:55:38.712000","693ce6100b1a5fbec395f99b","jason@mcclaincellars.com","false"
"Timeless","","McClain Cellars","Red","Alcoholic","Santa Ynez Valley","2017","","","","","750ml","[{""varietal"":""Sangiovese"",""percentage"":100,""appellation"":""Santa Ynez Valley"",""vineyard"":""Estelle Vineyard""}]","","https://base44.app/api/apps/693ce6100b1a5fbec395f99a/files/public/693ce6100b1a5fbec395f99a/5b5723897_2017Timeless-FRONT.jpg","","6940db7f9bcc06c46a2b0a82","69416e55d09b5f30dc8165a6","6940e0105edb3db86aab2316","true","","","true","6940f40bb9baea1e6cba7dca","2025-12-16T05:54:19.916000","2026-01-16T01:05:45.517000","693ce6100b1a5fbec395f99b","jason@mcclaincellars.com","false"
"Truth & Justice","","McClain Cellars","Red","Alcoholic","Santa Ynez Valley","2020","","","","","750ml","[{""varietal"":""Pinot Noir"",""percentage"":95,""appellation"":""Santa Ynez Valley"",""vineyard"":""Riata Oaks""},{""varietal"":""Petite Sirah"",""percentage"":5,""appellation"":""Santa Ynez Valley"",""vineyard"":""Estelle Vineyard""}]","","https://base44.app/api/apps/693ce6100b1a5fbec395f99a/files/public/693ce6100b1a5fbec395f99a/7683b2c2b_TruthJustice.png","","6940df8d3691907073161b2a","69416e85a7003c26a3e96781","6940e0128e52eb2b35425352","true","6969710cb1cc578cbb76add6","","true","6940f40bb9baea1e6cba7dcb","2025-12-16T05:54:19.916000","2026-01-16T01:08:10.287000","693ce6100b1a5fbec395f99b","jason@mcclaincellars.com","false"
"Truth & Wisdom","","McClain Cellars","Red","Alcoholic","Santa Ynez Valley","2021","","","","","750ml","[{""varietal"":""Merlot"",""percentage"":38,""appellation"":""Santa Ynez Valley"",""vineyard"":""Estelle Vineyard""},{""varietal"":""Mourvedre"",""percentage"":25,""appellation"":""Santa Ynez Valley"",""vineyard"":""Estelle Vineyard""},{""varietal"":""Syrah"",""percentage"":19,""appellation"":""Santa Ynez Valley"",""vineyard"":""Estelle Vineyard""},{""varietal"":""Malbec"",""percentage"":18,""appellation"":""Santa Ynez Valley"",""vineyard"":""Estelle Vineyard""}]","","https://base44.app/api/apps/693ce6100b1a5fbec395f99a/files/public/693ce6100b1a5fbec395f99a/a052fe030_2021WineBTL-CROP-05.jpg","","6940db7f9bcc06c46a2b0a82","69416e85a7003c26a3e96781","6940e6bfe1fbd215f8a85ac0","true","","","true","6940f40bb9baea1e6cba7dcc","2025-12-16T05:54:19.916000","2026-01-16T01:05:45.429000","693ce6100b1a5fbec395f99b","jason@mcclaincellars.com","false"
"Unbreakable","","McClain Cellars","Red","Alcoholic","Santa Ynez Valley","2021","","","","","750ml","[{""varietal"":""Cabernet Franc"",""percentage"":41,""appellation"":""Santa Ynez Valley"",""vineyard"":""Estelle Vineyard""},{""varietal"":""Merlot"",""percentage"":37,""appellation"":""Santa Ynez Valley"",""vineyard"":""Estelle Vineyard""},{""varietal"":""Syrah"",""percentage"":11,""appellation"":""Santa Ynez Valley"",""vineyard"":""Estelle Vineyard""},{""varietal"":""Tempranillo"",""percentage"":11,""appellation"":""Santa Ynez Valley"",""vineyard"":""Estelle Vineyard""}]","","https://base44.app/api/apps/693ce6100b1a5fbec395f99a/files/public/693ce6100b1a5fbec395f99a/b16ce9856_2021Unbreakable.jpg","","6940db7f9bcc06c46a2b0a82","69416e55d09b5f30dc8165a6","6940e6bfe1fbd215f8a85abe","true","","","true","6940f40bb9baea1e6cba7dcd","2025-12-16T05:54:19.916000","2026-01-16T01:05:45.505000","693ce6100b1a5fbec395f99b","jason@mcclaincellars.com","false"
"White Sails","","McClain Cellars","White","Alcoholic","Santa Ynez Valley","2023","14.96","","","","750ml","[{""varietal"":""Riesling"",""percentage"":100,""appellation"":""Santa Ynez Valley"",""vineyard"":""La Presa""}]","","https://base44.app/api/apps/693ce6100b1a5fbec395f99a/files/public/693ce6100b1a5fbec395f99a/80ec82598_2020-WhiteSails-only.jpg","https://base44.app/api/apps/693ce6100b1a5fbec395f99a/files/public/693ce6100b1a5fbec395f99a/4585c9368_21-WhiteSails.jpg","6940e6bfe1fbd215f8a85aca","69416e85a7003c26a3e96781","6940e0105edb3db86aab2316","true","","","true","6940f40bb9baea1e6cba7dce","2025-12-16T05:54:19.916000","2026-01-16T01:06:19.935000","693ce6100b1a5fbec395f99b","jason@mcclaincellars.com","false"
"Wings","","McClain Cellars","Red","Alcoholic","Santa Ynez Valley","2021","","","","","750ml","[{""varietal"":""Pinot Noir"",""percentage"":100,""appellation"":""Santa Ynez Valley"",""vineyard"":""Rio Vista""}]","","https://base44.app/api/apps/693ce6100b1a5fbec395f99a/files/public/693ce6100b1a5fbec395f99a/600274705_WINGSBTLs.png","","6940db7f9bcc06c46a2b0a82","6940dd66e04bca22c7fbbccc","6940e0138bdd7beb72dec3e4","true","","","true","6940f40bb9baea1e6cba7dcf","2025-12-16T05:54:19.916000","2026-01-16T01:07:51.560000","693ce6100b1a5fbec395f99b","jason@mcclaincellars.com","false"
"Pride & Joy (GSM)","","McClain Cellars","Red","Alcoholic","Santa Ynez Valley","2020","","800","13","","750ml","[{""varietal"":""Grenache"",""percentage"":60,""appellation"":""Paso Robles"",""vineyard"":""Estelle Vineyard""},{""varietal"":""Syrah"",""percentage"":25,""appellation"":""Paso Robles"",""vineyard"":""Estelle Vineyard""},{""varietal"":""Mourvedre"",""percentage"":15,""appellation"":""Paso Robles"",""vineyard"":""Estelle Vineyard""}]","Rhone style blend, fruit forward","https://base44.app/api/apps/693ce6100b1a5fbec395f99a/files/public/693ce6100b1a5fbec395f99a/affb54992_PJBOT.png","https://base44.app/api/apps/693ce6100b1a5fbec395f99a/files/public/693ce6100b1a5fbec395f99a/1a9b970b1_2021PrideJoy.jpg","6940d695e3a3c87bf7dc397c","6940dd66e04bca22c7fbbccc","6940e011dc994d5d58ebec3a","true","","","true","6940ef0afc2b80b38d51fa10","2025-12-16T05:32:58.334000","2026-01-16T01:05:45.551000","693ce6100b1a5fbec395f99b","jason@mcclaincellars.com","false"